{"stats":{"minecraft:picked_up":{"minecraft:raw_iron":4,"minecraft:crafting_table":2,"minecraft:spruce_sapling":2,"minecraft:spruce_log":5,"minecraft:cobblestone":18},"minecraft:custom":{"minecraft:time_since_rest":10518,"minecraft:play_time":10518,"minecraft:sprint_one_cm":20340,"minecraft:damage_taken":102,"minecraft:walk_one_cm":29795,"minecraft:mob_kills":1,"minecraft:jump":258,"minecraft:leave_game":1,"minecraft:damage_dealt":660,"minecraft:time_since_death":10518,"minecraft:total_world_time":10518,"minecraft:fall_one_cm":6183,"minecraft:interact_with_crafting_table":3,"minecraft:fly_one_cm":60540,"minecraft:player_kills":2},"minecraft:crafted":{"minecraft:stone_axe":1,"minecraft:crafting_table":1,"minecraft:spruce_planks":20,"minecraft:stick":8,"minecraft:stone_pickaxe":1,"minecraft:wooden_pickaxe":1,"minecraft:wooden_axe":1},"minecraft:mined":{"minecraft:grass":1,"minecraft:iron_ore":4,"minecraft:stone":19,"minecraft:spruce_leaves":3,"minecraft:spruce_log":5,"minecraft:crafting_table":2},"minecraft:killed":{"minecraft:stray":1},"minecraft:used":{"minecraft:stone_axe":1,"minecraft:wooden_axe":11,"minecraft:crafting_table":2,"minecraft:stone_pickaxe":5,"minecraft:wooden_pickaxe":18}},"DataVersion":3465}