{"stats":{"minecraft:killed_by":{"minecraft:spider":2,"minecraft:player":2,"minecraft:zombie":1},"minecraft:used":{"minecraft:torch":2,"minecraft:crafting_table":2,"minecraft:oak_planks":16,"minecraft:wooden_pickaxe":1,"minecraft:spruce_sapling":2},"minecraft:picked_up":{"minecraft:crafting_table":1,"minecraft:torch":1,"minecraft:spruce_sapling":2,"minecraft:spruce_log":5,"minecraft:dirt":3,"minecraft:cobblestone":2},"minecraft:crafted":{"minecraft:oak_planks":256,"minecraft:crafting_table":1,"minecraft:spruce_planks":20,"minecraft:stick":4,"minecraft:wooden_pickaxe":1},"minecraft:mined":{"minecraft:grass_block":1,"minecraft:dirt":2,"minecraft:fire":1,"minecraft:ice":1,"minecraft:spruce_leaves":4,"minecraft:spruce_log":5,"minecraft:stone":1,"minecraft:wall_torch":1,"minecraft:crafting_table":1},"minecraft:custom":{"minecraft:time_since_rest":1760,"minecraft:crouch_one_cm":685,"minecraft:play_time":20222,"minecraft:sprint_one_cm":68137,"minecraft:damage_taken":1718,"minecraft:walk_one_cm":19036,"minecraft:deaths":7,"minecraft:sneak_time":387,"minecraft:jump":500,"minecraft:damage_dealt":155,"minecraft:leave_game":1,"minecraft:time_since_death":1725,"minecraft:walk_on_water_one_cm":40,"minecraft:total_world_time":20222,"minecraft:interact_with_crafting_table":3,"minecraft:fall_one_cm":16430,"minecraft:fly_one_cm":140342}},"DataVersion":3465}