{"stats":{"minecraft:picked_up":{"minecraft:dirt":3,"minecraft:cobblestone":1},"minecraft:killed_by":{"minecraft:zombie":1,"minecraft:player":2,"minecraft:spider":1},"minecraft:custom":{"minecraft:jump":228,"minecraft:time_since_rest":4672,"minecraft:damage_dealt":137,"minecraft:damage_taken":1043,"minecraft:leave_game":1,"minecraft:play_time":9027,"minecraft:sprint_one_cm":28615,"minecraft:time_since_death":4050,"minecraft:walk_one_cm":7054,"minecraft:deaths":4,"minecraft:sneak_time":46,"minecraft:total_world_time":9027,"minecraft:interact_with_crafting_table":1,"minecraft:fly_one_cm":61427,"minecraft:fall_one_cm":6543},"minecraft:mined":{"minecraft:grass_block":1,"minecraft:dirt":2}},"DataVersion":3465}